{"cameraMode":{"drawMode":0,"name":"Shaded","section":"Shading Mode"},"sceneLighting":true,"audioPlay":false,"sceneViewState":{"showFog":true,"showMaterialUpdate":false,"showSkybox":true,"showFlares":true,"showImageEffects":true,"showParticleSystems":true},"in2DMode":false,"pivot":{"x":6.564324378967285,"y":8.339792251586914,"z":8.549224853515625},"rotation":{"x":0.00693292124196887,"y":0.9572173953056336,"z":-0.2901604473590851,"w":0.024680299684405328},"size":3.157883644104004,"orthographic":false}